language,total_keys,missing_keys,exact_english_matches,exact_english_percent,native_script_rule,native_script_key_hits,native_script_key_percent,native_letter_percent,status
bn,3447,0,23,0.67,Bengali,3391,98.38,96.34,pass
hi,3447,0,20,0.58,Devanagari,3421,99.25,98.62,pass
te,3447,0,34,0.99,Telugu,3380,98.06,96.06,pass
mr,3447,0,27,0.78,Devanagari,3387,98.26,96.56,pass
ur,3447,0,32,0.93,Arabic,3382,98.11,97.29,pass
gu,3447,0,26,0.75,Gujarati,3387,98.26,95.21,pass
pa,3447,0,28,0.81,Gurmukhi,3384,98.17,95.49,pass
ml,3447,0,24,0.70,Malayalam,3390,98.35,97.31,pass
kn,3447,0,31,0.90,Kannada,3383,98.14,96.36,pass
or,3447,0,32,0.93,Odia,3378,98.00,94.22,pass
as,3447,0,25,0.73,Bengali,3385,98.20,95.98,pass
sa,3447,0,31,0.90,Devanagari,3382,98.11,94.58,pass
es,3447,0,45,1.31,,,,,pass
fr,3447,0,64,1.86,,,,,pass
de,3447,0,91,2.64,,,,,pass
ar,3447,0,27,0.78,Arabic,2309,66.99,68.51,pass
ja,3447,0,31,0.90,Japanese,3410,98.93,92.59,pass
pt,3447,0,43,1.25,,,,,pass
zh,3447,0,23,0.67,Han,3418,99.16,94.08,pass
