language,key_coverage_percent,letter_coverage_percent,covered_keys,total_keys,covered_letters,total_letters
en,100,100,3468,3468,93878,93878
bn,100,100,3468,3468,93878,93878
hi,100,100,3468,3468,93878,93878
te,100,100,3468,3468,93878,93878
mr,100,100,3468,3468,93878,93878
ur,100,100,3468,3468,93878,93878
gu,100,100,3468,3468,93878,93878
pa,100,100,3468,3468,93878,93878
ml,100,100,3468,3468,93878,93878
kn,100,100,3468,3468,93878,93878
or,100,100,3468,3468,93878,93878
as,100,100,3468,3468,93878,93878
sa,100,100,3468,3468,93878,93878
es,100,100,3468,3468,93878,93878
fr,100,100,3468,3468,93878,93878
de,100,100,3468,3468,93878,93878
ar,100,100,3468,3468,93878,93878
ja,100,100,3468,3468,93878,93878
pt,100,100,3468,3468,93878,93878
zh,100,100,3468,3468,93878,93878
